keyword,volume,keyword_difficulty,n_competitors_ranking,best_competitor,best_competitor_position,best_competitor_url
cling film,6500,11,1,cupsdirect.co.uk,18,https://cupsdirect.co.uk/products/cling-film-range
cake boxes,5700,2,1,cater4you.co.uk,14,https://cater4you.co.uk/product-category/bakery-and-cakes/cake-boxes/
paper plates,5300,0,1,cater4you.co.uk,16,https://cater4you.co.uk/product-category/tableware/paper-plates/
plastic cups,4600,0,1,eventsupplies.co.uk,2,https://eventsupplies.co.uk/collections/disposable-plastic-cups
plastic wine glasses,4300,0,2,cater4you.co.uk,4,https://cater4you.co.uk/product-category/cups-glasses/plastic-glasses/plastic-wine-glasses/
plastic straws,3900,0,1,eventsupplies.co.uk,4,https://eventsupplies.co.uk/collections/drinking-straws
food boxes,3500,0,2,takeawaypackaging.co.uk,1,https://takeawaypackaging.co.uk/food-carriers
plastic glasses,3400,0,2,cater4you.co.uk,10,https://cater4you.co.uk/product-category/cups-glasses/plastic-glasses/
plastic champagne flutes,3000,0,2,eventsupplies.co.uk,8,https://eventsupplies.co.uk/collections/plastic-champagne-flutes
burger box,3000,0,2,cater4you.co.uk,8,https://cater4you.co.uk/product-category/food-packaging/burger-boxes/
disposable plates,2800,0,1,enviropack.org.uk,4,https://www.enviropack.org.uk/tableware/plates
paper bags,2800,1,1,cater4you.co.uk,13,https://cater4you.co.uk/product-category/bags/
greaseproof paper,2600,0,1,takeawaypackaging.co.uk,13,https://takeawaypackaging.co.uk/branded-packaging/custom-printed-greaseproof-paper/
paper cups,2600,9,1,cupsdirect.co.uk,14,https://cupsdirect.co.uk/
food packaging,2500,34,4,enviropack.org.uk,3,https://www.enviropack.org.uk/
straws,2500,0,1,eventsupplies.co.uk,8,https://eventsupplies.co.uk/collections/drinking-straws
plastic containers,2500,7,1,cater4you.co.uk,4,https://cater4you.co.uk/product-category/food-packaging/plastic-take-away-containers/
margarita glasses,2400,0,1,cater4you.co.uk,20,https://cater4you.co.uk/product/premium-plastic-margarita-glasses-320ml/
9 inch pizza,2300,0,1,enviropack.org.uk,6,https://ubereats.enviropack.org.uk/takeaway-pizza-boxes-9-kraft
foil trays,2200,0,2,cupsdirect.co.uk,3,https://cupsdirect.co.uk/products/aluminium-foil-catering-tray-range
500ml,2100,0,1,cater4you.co.uk,8,https://cater4you.co.uk/product/500ml-round-plastic-rpet-juice-bottle-with-tamper-evident-cap/
kitchen foil,2000,0,1,cater4you.co.uk,15,https://cater4you.co.uk/product/bakewell-kitchen-quality-aluminium-foil-45cm-x-75m/
pizza boxes,1900,0,1,takeawaypackaging.co.uk,15,https://takeawaypackaging.co.uk/online-shop/paper-bags-food-carriers/pizza-boxes/
plastic shot glasses,1900,0,2,cater4you.co.uk,10,https://cater4you.co.uk/product/mg5cl-5cl-50ml-disposable-plastic-tasting-shot-glasses/
plastic bottles,1900,12,1,cater4you.co.uk,16,https://cater4you.co.uk/product-category/food-packaging/plastic-juice-bottles/
paper bag,1800,36,1,takeawaypackaging.co.uk,5,https://takeawaypackaging.co.uk/online-shop/paper-bags-food-carriers/paper-bags/
paper napkins,1800,0,1,eventsupplies.co.uk,16,https://eventsupplies.co.uk/collections/paper-napkins
plastic cutlery,1800,0,1,eventsupplies.co.uk,3,https://eventsupplies.co.uk/collections/cutlery
plastic container,1800,18,1,cater4you.co.uk,8,https://cater4you.co.uk/product/2-compartment-750cc-clear-rectangular-plastic-container-and-lid/
uk packaging,1700,55,1,enviropack.org.uk,19,https://www.enviropack.org.uk/
food containers with lids,1700,4,1,cater4you.co.uk,11,https://cater4you.co.uk/product-category/food-packaging/plastic-take-away-containers/
ice cream tubs,1600,0,2,takeawaypackaging.co.uk,2,https://takeawaypackaging.co.uk/product-category/ice-cream-tubs-lids/
serviettes,1600,0,1,cater4you.co.uk,17,https://cater4you.co.uk/product-category/tableware/paper-napkins/
plastic containers with lids,1600,3,1,cater4you.co.uk,3,https://cater4you.co.uk/product-category/food-packaging/plastic-take-away-containers/
cake boxes near me,1600,1,1,cater4you.co.uk,18,https://cater4you.co.uk/product-category/bakery-and-cakes/cake-boxes/
cake slice,1600,0,1,cater4you.co.uk,18,https://cater4you.co.uk/product-category/bakery-and-cakes/cake-slice-boxes/
plastic cocktail glasses,1500,0,2,cater4you.co.uk,3,https://cater4you.co.uk/product/unbreakable-plastic-cocktail-glasses/
port glass,1500,0,1,cater4you.co.uk,19,https://cater4you.co.uk/Shop
aluminium foil,1500,3,1,cater4you.co.uk,14,https://cater4you.co.uk/product-category/catering-disposables/aluminium-foil/
plastic prosecco glasses,1500,0,1,cater4you.co.uk,11,https://cater4you.co.uk/product-category/cups-glasses/plastic-glasses/plastic-prosecco-champagne-flutes/
brown paper bags,1500,0,1,cater4you.co.uk,6,https://cater4you.co.uk/product/small-brown-handles-paper-bags/
disposable coffee cups,1400,1,3,cupsdirect.co.uk,4,https://cupsdirect.co.uk/
disposable cups,1400,2,2,cupsdirect.co.uk,8,https://cupsdirect.co.uk/
coffee cups with lids,1400,0,2,takeawaypackaging.co.uk,3,https://takeawaypackaging.co.uk/online-shop/cups/biodegradable-compostable-eco-cup-lids/
dessert cups,1400,0,2,cater4you.co.uk,5,https://cater4you.co.uk/product-category/food-packaging/dessert-cups-pots-lids/
bento boxes,1400,12,1,cater4you.co.uk,20,https://cater4you.co.uk/Food
plastic tumblers,1300,0,1,cupsdirect.co.uk,18,https://cupsdirect.co.uk/collections/reusable-plastic-glasses
food storage containers with lids,1300,4,1,cater4you.co.uk,16,https://cater4you.co.uk/product-category/food-packaging/plastic-take-away-containers/
plastic food containers,1300,6,1,cater4you.co.uk,2,https://cater4you.co.uk/product-category/food-packaging/plastic-take-away-containers/
paper straws,1200,0,1,takeawaypackaging.co.uk,17,https://takeawaypackaging.co.uk/online-shop/cup-accessories/biodegradable-straws-paper-straws/
food box,1200,0,1,takeawaypackaging.co.uk,12,https://takeawaypackaging.co.uk/food-carriers
plastic cup,1200,0,2,eventsupplies.co.uk,3,https://eventsupplies.co.uk/collections/disposable-plastic-cups
clingfilm,1200,4,1,cupsdirect.co.uk,14,https://cupsdirect.co.uk/products/cling-film-range
food tray,1200,0,1,enviropack.org.uk,3,https://www.enviropack.org.uk/catering-packaging/food-trays
eco friendly packaging,1200,11,1,enviropack.org.uk,10,https://www.enviropack.org.uk/
500ml bottle,1200,0,1,cater4you.co.uk,16,https://cater4you.co.uk/product/500ml-round-plastic-rpet-juice-bottle-with-tamper-evident-cap/
takeaway coffee cups,1100,0,2,takeawaypackaging.co.uk,2,https://takeawaypackaging.co.uk/online-shop/cups/biodegradable-compostable-eco-cup-lids/
burger boxes,1100,0,4,enviropack.org.uk,2,https://www.enviropack.org.uk/hot-food-containers/burger-boxes
plastic pint glasses,1100,0,3,eventsupplies.co.uk,3,https://eventsupplies.co.uk/collections/pint-and-half-pint-tumblers
sandwich bags,1100,0,1,enviropack.org.uk,14,https://www.enviropack.org.uk/sandwich-bread/sandwich-bags-boxes
plastic champagne glasses,1100,0,2,eventsupplies.co.uk,12,https://eventsupplies.co.uk/collections/plastic-champagne-flutes
disposable cutlery,1100,0,1,eventsupplies.co.uk,4,https://eventsupplies.co.uk/collections/cutlery
coupe glasses,1100,3,1,eventsupplies.co.uk,12,https://eventsupplies.co.uk/products/150ml-champagne-saucer-coupe
cater,1100,54,1,cater4you.co.uk,12,https://cater4you.co.uk/
plastic cups with lids,1000,0,1,takeawaypackaging.co.uk,20,https://takeawaypackaging.co.uk/online-shop/cups/recyclable-clear-cups-lids/
paper cup,1000,11,2,cupsdirect.co.uk,10,https://cupsdirect.co.uk/products/white-paper-cup
soup container,1000,0,3,cupsdirect.co.uk,9,https://cupsdirect.co.uk/
sandwich box,1000,0,1,enviropack.org.uk,3,https://www.enviropack.org.uk/sandwich-bread/sandwich-bags-boxes
packaging environmental,1000,11,1,enviropack.org.uk,5,https://www.enviropack.org.uk/
wooden spoons,1000,1,1,cater4you.co.uk,6,https://cater4you.co.uk/product/wooden-spoons/
cake slice boxes,1000,0,1,cater4you.co.uk,12,https://cater4you.co.uk/product-category/bakery-and-cakes/cake-slice-boxes/
takeaway containers,900,0,3,cater4you.co.uk,3,https://cater4you.co.uk/product-category/food-packaging/plastic-take-away-containers/
takeaway boxes,900,2,4,takeawaypackaging.co.uk,8,https://takeawaypackaging.co.uk/
paper bowls,900,0,3,enviropack.org.uk,2,https://www.enviropack.org.uk/hot-food-containers/paperboard-food-bowls
foil paper,900,0,1,enviropack.org.uk,18,https://www.enviropack.org.uk/350x400mm-foil-insulated-dele-wrap-sheets-3
wooden cutlery,900,0,2,cater4you.co.uk,5,https://cater4you.co.uk/product/3-in-1-wooden-cutlery-set/
red cups,900,0,1,eventsupplies.co.uk,2,https://eventsupplies.co.uk/products/16oz-disposable-red-american-party-cups
12oz,900,0,1,eventsupplies.co.uk,9,https://eventsupplies.co.uk/products/12oz-white-paper-cups
16oz,900,0,2,greenpak.supplies,4,https://greenpak.supplies/product/16oz-clear-pet-smoothie-cup/
plastic food containers with lids,900,3,1,cater4you.co.uk,2,https://cater4you.co.uk/product-category/food-packaging/plastic-take-away-containers/
flan dish,900,0,1,cater4you.co.uk,19,https://cater4you.co.uk/product/165mm-round-foil-flan-dish-rolled-edge/
plastic bowls,900,0,1,cater4you.co.uk,3,https://cater4you.co.uk/product-category/tableware/plastic-bowls/
serviette,900,0,1,cater4you.co.uk,9,https://cater4you.co.uk/product-category/tableware/paper-napkins/
paper bags with handles,800,1,1,takeawaypackaging.co.uk,4,https://takeawaypackaging.co.uk/online-shop/paper-bags-food-carriers/twisted-handle-paper-bags/
foil tray,800,0,1,cupsdirect.co.uk,3,https://cupsdirect.co.uk/products/aluminium-foil-catering-tray-range
dessert box,800,0,2,cupsdirect.co.uk,12,https://cupsdirect.co.uk/collections/bakery-dessert-packaging
food trays,800,0,2,cupsdirect.co.uk,2,https://cupsdirect.co.uk/collections/food-packaging/catering-trays-&-scoops
paper tablecloths,800,0,1,eventsupplies.co.uk,18,https://eventsupplies.co.uk/collections/paper-tablecovers
plastic forks,800,0,1,eventsupplies.co.uk,3,https://eventsupplies.co.uk/products/strong-clear-disposable-plastic-forks
plastic spoons,800,0,1,eventsupplies.co.uk,4,https://eventsupplies.co.uk/products/strong-clear-disposable-plastic-spoons
kitchen paper,800,0,1,cater4you.co.uk,15,https://cater4you.co.uk/product-category/janitorial/kitchen-roll/
individual cupcake boxes,800,0,1,cater4you.co.uk,14,https://cater4you.co.uk/product-category/bakery-and-cakes/individual-cupcake-boxes/
sandwich trays,800,1,1,cater4you.co.uk,3,https://cater4you.co.uk/product-category/food-packaging/sandwich-platter-trays/
foil trays with lids,800,0,1,cater4you.co.uk,5,https://cater4you.co.uk/product-category/food-packaging/foil-take-away-trays/
kebab sticks,800,0,1,cater4you.co.uk,20,https://cater4you.co.uk/product-category/catering-disposables/wooden-sticks-and-skewers/
brown paper bag,800,24,1,cater4you.co.uk,16,https://cater4you.co.uk/product/medium-printed-brown-paper-bags-for-takeaway/
disposable bowls,700,0,2,enviropack.org.uk,3,https://www.enviropack.org.uk/catering-packaging/food-bowls
branded coffee cups,700,24,2,takeawaypackaging.co.uk,5,https://takeawaypackaging.co.uk/branded-packaging/branded-takeaway-coffee-cups/
paper coffee cups,700,1,3,cupsdirect.co.uk,10,https://cupsdirect.co.uk/
red plastic cups,700,0,2,eventsupplies.co.uk,3,https://eventsupplies.co.uk/products/16oz-disposable-red-american-party-cups
solo cup,700,2,1,cupsdirect.co.uk,10,https://cupsdirect.co.uk/products/red-party-cup-range
catering trays,700,0,3,cupsdirect.co.uk,5,https://cupsdirect.co.uk/collections/food-packaging/catering-trays-&-scoops
plastic martini glasses,700,0,2,cater4you.co.uk,2,https://cater4you.co.uk/product/white-polycarbonate-plastic-martini-glass/
party cups,700,0,1,eventsupplies.co.uk,12,https://eventsupplies.co.uk/collections/disposable-plastic-cups
disposable wine glasses,700,0,2,cater4you.co.uk,3,https://cater4you.co.uk/
chicken box,700,0,2,greenpak.supplies,8,https://greenpak.supplies/category/hot-food-packaging/chicken-boxes/
plastic bowl,700,0,1,cater4you.co.uk,18,https://cater4you.co.uk/product-category/tableware/plastic-bowls/
shot glasses plastic,700,0,1,cater4you.co.uk,13,https://cater4you.co.uk/product/8cl-80ml-tasting-shot-glasses/
sandwich trays with lids,700,0,1,cater4you.co.uk,11,https://cater4you.co.uk/Food
spice jars with labels,700,0,1,cater4you.co.uk,16,https://cater4you.co.uk/product-category/food-packaging/herb-and-spice-jars/
plastic gin glasses,700,0,1,cater4you.co.uk,12,https://cater4you.co.uk/product-category/cups-glasses/plastic-glasses/plastic-gin-glasses/
cupcake decorating ideas,700,6,1,cater4you.co.uk,7,https://cater4you.co.uk/cupcake-decorating-ideas-for-beginners/
branded packaging,600,7,1,takeawaypackaging.co.uk,12,https://takeawaypackaging.co.uk/branded-packaging/
greaseproof paper sheets,600,0,2,enviropack.org.uk,8,https://ubereats.enviropack.org.uk/types
disposable coffee cups with lids,600,0,4,enviropack.org.uk,4,https://www.enviropack.org.uk/cups-and-accessories/lids-hot-cups
branded cups,600,25,1,cupsdirect.co.uk,12,https://cupsdirect.co.uk/collections/custom-printed-paper-cups
plastic glass,600,0,2,cater4you.co.uk,5,https://cater4you.co.uk/product-category/cups-glasses/plastic-glasses/
smoothie cup,600,0,2,cupsdirect.co.uk,3,https://cupsdirect.co.uk/products/diamond-plastic-smoothie-cup-range-pet-juice-cups-with-lids
restaurant names,600,2,1,enviropack.org.uk,7,https://www.enviropack.org.uk/blog/260-unique-restaurant-names-for-every-cuisine.html
eco packaging,600,52,1,enviropack.org.uk,6,https://www.enviropack.org.uk/
noodle box,600,3,1,enviropack.org.uk,14,https://www.enviropack.org.uk/hot-food-containers/noodle-boxes
4oz,600,0,1,enviropack.org.uk,5,https://www.enviropack.org.uk/4oz-portion-pot-and-lids
how long does cake last in the fridge,600,3,1,cater4you.co.uk,17,https://cater4you.co.uk/how-long-can-a-cake-last-in-the-fridge/
buffet trays,600,0,1,cater4you.co.uk,19,https://cater4you.co.uk/product-category/food-packaging/sandwich-platter-trays/
50ml bottle,600,0,1,cater4you.co.uk,13,https://cater4you.co.uk/product/50ml-square-rpet-plastic-bottle-with-tamper-evident-cap/
sandwich platter trays,600,0,1,cater4you.co.uk,16,https://cater4you.co.uk/product-category/food-packaging/sandwich-platter-trays/page/2/
bagasse,500,2,2,takeawaypackaging.co.uk,4,https://takeawaypackaging.co.uk/online-shop/hot-food-containers/bagasse-tableware/
food packaging boxes,500,3,4,takeawaypackaging.co.uk,5,https://takeawaypackaging.co.uk/online-shop/hot-food-containers/kraftware/
chip box,500,0,2,cater4you.co.uk,7,https://cater4you.co.uk/product-category/food-packaging/fish-and-chip-packaging/
clear plastic cups,500,0,2,eventsupplies.co.uk,6,https://eventsupplies.co.uk/collections/disposable-plastic-cups
deli containers,500,0,1,enviropack.org.uk,8,https://www.enviropack.org.uk/cold-food-containers/deli-portion-pots
wooden forks,500,0,1,enviropack.org.uk,10,https://www.enviropack.org.uk/tableware/disposable-forks
recyclable packaging,500,16,1,enviropack.org.uk,10,https://www.enviropack.org.uk/
drinking straws,500,0,1,eventsupplies.co.uk,8,https://eventsupplies.co.uk/products/black-jumbo-plastic-drinking-straws
plastic flutes,500,0,2,cater4you.co.uk,10,https://cater4you.co.uk/product-category/cups-glasses/plastic-glasses/plastic-prosecco-champagne-flutes/
plastic straws uk,500,0,1,eventsupplies.co.uk,7,https://eventsupplies.co.uk/collections/drinking-straws
sauce pots,500,0,2,eventsupplies.co.uk,10,https://eventsupplies.co.uk/products/4oz-plastic-sauce-pots-with-lids
foil containers,500,0,2,greenpak.supplies,6,https://greenpak.supplies/product/no-1-foil-container/
packaging uk,500,71,1,cater4you.co.uk,16,https://cater4you.co.uk/product-category/food-packaging/
white paper bags,500,0,1,cater4you.co.uk,15,https://cater4you.co.uk/product/125-x-125mm-small-white-paper-bags/
platter trays,500,0,1,cater4you.co.uk,4,https://cater4you.co.uk/product-category/food-packaging/sandwich-platter-trays/
polystyrene cups,500,0,1,cater4you.co.uk,8,https://cater4you.co.uk/Blog
disposable food containers,500,0,1,cater4you.co.uk,2,https://cater4you.co.uk/product-category/food-packaging/plastic-take-away-containers/
plastic party plates,500,0,1,cater4you.co.uk,11,https://cater4you.co.uk/product-category/tableware/
do hot drinks cool you down,450,6,1,takeawaypackaging.co.uk,20,https://takeawaypackaging.co.uk/hot-drinks-cool-you-down/
food packaging design,450,0,1,takeawaypackaging.co.uk,1,https://takeawaypackaging.co.uk/design-service/
platter boxes,450,0,1,cupsdirect.co.uk,4,https://cupsdirect.co.uk/products/kraft-catering-platter-sandwich-box-range
iced coffee cups,450,0,1,cupsdirect.co.uk,9,https://cupsdirect.co.uk/blogs/insights/best-cups-for-iced-coffee-and-cold-drinks-uk-buyer-s-guide
dessert pots,450,0,1,enviropack.org.uk,5,https://www.enviropack.org.uk/dessert-cookies/dessert-pots
plastic glasses for party,450,0,2,cater4you.co.uk,6,https://cater4you.co.uk/product-category/cups-glasses/plastic-glasses/
plastic drinking glasses,450,4,1,eventsupplies.co.uk,11,https://eventsupplies.co.uk/collections/plastic-glasses
disposable glasses,450,0,2,eventsupplies.co.uk,10,https://eventsupplies.co.uk/collections/plastic-glasses
disposable champagne flutes,450,0,1,eventsupplies.co.uk,10,https://eventsupplies.co.uk/collections/plastic-champagne-flutes
foil container,450,0,1,greenpak.supplies,9,https://greenpak.supplies/product/no-1-foil-container/
buffet trays with lids,450,0,1,cater4you.co.uk,3,https://cater4you.co.uk/product-category/food-packaging/sandwich-platter-trays/
can you freeze cupcakes,450,0,1,cater4you.co.uk,4,https://cater4you.co.uk/can-you-freeze-cupcakes/
polycarbonate glasses,450,0,1,cater4you.co.uk,2,https://cater4you.co.uk/product-category/cups-glasses/plastic-glasses/unbreakable-plastic-glasses/
cupcake holder,450,0,1,cater4you.co.uk,8,https://cater4you.co.uk/product/25-or-30-hole-cupcake-boxes-for-transporting/
juice bottles,450,0,1,cater4you.co.uk,3,https://cater4you.co.uk/product-category/food-packaging/plastic-juice-bottles/
disposable shot glasses,450,0,1,cater4you.co.uk,6,https://cater4you.co.uk/product-category/cups-glasses/plastic-glasses/plastic-shot-glasses/
coffee cups takeaway,400,0,2,takeawaypackaging.co.uk,1,https://takeawaypackaging.co.uk/online-shop/cups/biodegradable-compostable-eco-cup-lids/
paper cups for hot drinks,400,0,4,greenpak.supplies,3,https://greenpak.supplies/category/cups-accessories/hot-drink-paper-cups/
ice cream tubs with lids,400,0,1,takeawaypackaging.co.uk,10,https://takeawaypackaging.co.uk/online-shop/ice-cream-tubs-lids/
custom coffee cups,400,24,1,cupsdirect.co.uk,8,https://cupsdirect.co.uk/collections/custom-printed-paper-cups
smoothie cups,400,0,2,greenpak.supplies,2,https://greenpak.supplies/Cups
custom cups,400,26,1,cupsdirect.co.uk,7,https://cupsdirect.co.uk/collections/custom-printed-paper-cups
red cup,400,0,1,cupsdirect.co.uk,4,https://cupsdirect.co.uk/products/red-party-cup-range
plastic dessert cups,400,0,1,cater4you.co.uk,8,https://cater4you.co.uk/product-category/food-packaging/dessert-cups-pots-lids/
pudding basin,400,0,1,cater4you.co.uk,20,https://cater4you.co.uk/product/red-plastic-1lb-pudding-basins/
cookie boxes,400,0,1,cater4you.co.uk,19,https://cater4you.co.uk/product-category/bakery-and-cakes/cookie-boxes-and-bags/
tin foil trays,400,0,1,cater4you.co.uk,5,https://cater4you.co.uk/product-category/food-packaging/foil-trays-and-pie-dishes/
banqueting roll,400,0,1,cater4you.co.uk,3,https://cater4you.co.uk/product-category/tableware/banqueting-roll-table-covers/
white napkins,400,0,1,cater4you.co.uk,13,https://cater4you.co.uk/product/single-ply-white-paper-napkins-serviettes/
buffet platters,400,1,1,cater4you.co.uk,3,https://cater4you.co.uk/product-category/food-packaging/sandwich-platter-trays/
catering trays with lids,400,0,1,cater4you.co.uk,11,https://cater4you.co.uk/product-category/food-packaging/sandwich-platter-trays/
disposable cocktail glasses,400,0,1,cater4you.co.uk,2,https://cater4you.co.uk/
compostable cups,350,0,1,takeawaypackaging.co.uk,10,https://takeawaypackaging.co.uk/online-shop/cups/biodegradable-compostable-eco-clear-cups-lids/
take away containers,350,0,2,takeawaypackaging.co.uk,2,https://takeawaypackaging.co.uk/product-category/hot-food-containers/
takeaway box,350,3,3,takeawaypackaging.co.uk,2,https://takeawaypackaging.co.uk/online-shop/hot-food-containers/kraftware/
take away boxes,350,1,1,takeawaypackaging.co.uk,12,https://takeawaypackaging.co.uk/
bagasse plates,350,0,3,enviropack.org.uk,3,https://www.enviropack.org.uk/tableware/bagasse-plates
disposable cups for hot drinks,350,0,3,cupsdirect.co.uk,3,https://cupsdirect.co.uk/collections/paper-cups-for-hot-drinks
plastic coffee cups,350,0,1,cupsdirect.co.uk,7,https://cupsdirect.co.uk/
palm leaf plates,350,0,1,enviropack.org.uk,3,https://www.enviropack.org.uk/catering-packaging/palm-leaf-plates
environmental packaging,350,17,1,enviropack.org.uk,4,https://www.enviropack.org.uk/
cold cups,350,0,1,enviropack.org.uk,3,https://www.enviropack.org.uk/cups-and-accessories/cold-cups
eco friendly food packaging,350,14,1,enviropack.org.uk,3,https://www.enviropack.org.uk/
plastic straw,350,0,1,eventsupplies.co.uk,13,https://eventsupplies.co.uk/collections/drinking-straws
plastic spoon,350,0,1,eventsupplies.co.uk,8,https://eventsupplies.co.uk/products/strong-clear-disposable-plastic-spoons
plastic knives and forks,350,0,1,eventsupplies.co.uk,12,https://eventsupplies.co.uk/collections/cutlery
white placemats,350,0,1,eventsupplies.co.uk,13,https://eventsupplies.co.uk/products/white-placemats
plastic pint cups,350,0,1,eventsupplies.co.uk,3,https://eventsupplies.co.uk/collections/pint-and-half-pint-tumblers
takeaway cups,300,0,2,takeawaypackaging.co.uk,2,https://takeawaypackaging.co.uk/online-shop/cups/biodegradable-compostable-eco-cup-lids/
disposable plastic cups,300,0,2,eventsupplies.co.uk,2,https://eventsupplies.co.uk/collections/disposable-plastic-cups
paper bags for food,300,0,2,enviropack.org.uk,3,https://www.enviropack.org.uk/bags-pouches
16oz cup,300,0,1,takeawaypackaging.co.uk,7,https://takeawaypackaging.co.uk/product/16oz-black-double-wall-recyclable-cup-mm-qty-500/
burger packaging,300,0,1,takeawaypackaging.co.uk,10,https://takeawaypackaging.co.uk/product/kraft-burger-box/
paper food bags,300,0,2,takeawaypackaging.co.uk,10,https://takeawaypackaging.co.uk/online-shop/paper-bags-food-carriers/
12oz cup,300,0,2,cupsdirect.co.uk,12,https://cupsdirect.co.uk/products/12oz-custom-print-bespoke-paper-cups-single-wall
smoothie cups with lids,300,0,2,greenpak.supplies,2,https://greenpak.supplies/category/cups-accessories/smoothie-cups-lids/
cups with lids,300,0,1,cupsdirect.co.uk,5,https://cupsdirect.co.uk/collections/lids
microwavable container,300,2,1,cupsdirect.co.uk,12,https://cupsdirect.co.uk/collections/food-packaging/microwavable-containers
food packaging supplies,300,33,3,greenpak.supplies,4,https://greenpak.supplies/
ice cream pots,300,0,1,enviropack.org.uk,4,https://www.enviropack.org.uk/dessert-cookies/ice-cream-containers
cardboard food boxes,300,1,1,enviropack.org.uk,13,https://www.enviropack.org.uk/hot-food-containers/paperboard-containers
restaurant name ideas,300,1,1,enviropack.org.uk,7,https://www.enviropack.org.uk/blog/260-unique-restaurant-names-for-every-cuisine.html
wooden fork,300,0,1,enviropack.org.uk,8,https://www.enviropack.org.uk/tableware/disposable-forks
environmentally friendly packaging,300,13,1,enviropack.org.uk,12,https://www.enviropack.org.uk/
catering boxes,300,0,1,enviropack.org.uk,5,https://www.enviropack.org.uk/catering-packaging
8oz cup,300,0,1,eventsupplies.co.uk,8,https://eventsupplies.co.uk/products/8oz-white-paper-cups
soup cup,300,0,1,eventsupplies.co.uk,3,https://eventsupplies.co.uk/collections/paper-soup-containers
banquet roll,300,0,1,eventsupplies.co.uk,5,https://eventsupplies.co.uk/collections/50m-banquet-rolls
red party cups,300,0,1,eventsupplies.co.uk,3,https://eventsupplies.co.uk/products/16oz-disposable-red-american-party-cups
hot chocolate cups,300,0,1,greenpak.supplies,12,https://greenpak.supplies/product/12oz-cadbury-in-cup-hot-chocolate/
takeaway coffee cups with lids,250,0,2,takeawaypackaging.co.uk,2,https://takeawaypackaging.co.uk/online-shop/cups/biodegradable-compostable-eco-cup-lids/
takeaway food containers,250,0,3,takeawaypackaging.co.uk,3,https://takeawaypackaging.co.uk/product-category/hot-food-containers/
biodegradable cups,250,0,1,takeawaypackaging.co.uk,3,https://takeawaypackaging.co.uk/online-shop/cups/biodegradable-compostable-eco-clear-cups-lids/
kraft boxes,250,0,1,takeawaypackaging.co.uk,7,https://takeawaypackaging.co.uk/online-shop/hot-food-containers/kraftware/
takeaway coffee cup,250,0,2,takeawaypackaging.co.uk,2,https://takeawaypackaging.co.uk/online-shop/cups/biodegradable-compostable-eco-cup-lids/
pizza boxes for sale,250,0,1,takeawaypackaging.co.uk,3,https://takeawaypackaging.co.uk/online-shop/paper-bags-food-carriers/pizza-boxes/
take away coffee cups,250,0,2,takeawaypackaging.co.uk,2,https://takeawaypackaging.co.uk/online-shop/cups/biodegradable-compostable-eco-cup-lids/
brown paper bags with handles,250,0,1,takeawaypackaging.co.uk,12,https://takeawaypackaging.co.uk/online-shop/paper-bags-food-carriers/twisted-handle-paper-bags/
disposable cups with lids,250,0,2,takeawaypackaging.co.uk,2,https://takeawaypackaging.co.uk/online-shop/disposable-cups/
custom greaseproof paper,250,2,1,takeawaypackaging.co.uk,8,https://takeawaypackaging.co.uk/branded-packaging/custom-printed-greaseproof-paper/
paper cups with lids,250,0,3,takeawaypackaging.co.uk,2,https://takeawaypackaging.co.uk/online-shop/cups/biodegradable-compostable-eco-cup-lids/
grease paper,250,0,1,takeawaypackaging.co.uk,9,https://takeawaypackaging.co.uk/branded-packaging/custom-printed-greaseproof-paper/
biodegradable food packaging,250,1,3,takeawaypackaging.co.uk,2,https://takeawaypackaging.co.uk/online-shop/
drink carrier,250,0,1,takeawaypackaging.co.uk,1,https://takeawaypackaging.co.uk/product/2-cup-carrier/
takeaway containers with lids,250,0,1,takeawaypackaging.co.uk,5,https://takeawaypackaging.co.uk/product/900ml-fastpac-2-compartment-lid-microwavable-container-qty-300/
food packaging designer,250,0,1,takeawaypackaging.co.uk,6,https://takeawaypackaging.co.uk/design-service/
food packaging solutions,250,0,2,enviropack.org.uk,2,https://www.enviropack.org.uk/
printed greaseproof paper,250,1,1,takeawaypackaging.co.uk,4,https://takeawaypackaging.co.uk/branded-packaging/custom-printed-greaseproof-paper/
greaseproof paper bags,250,0,1,cupsdirect.co.uk,12,https://cupsdirect.co.uk/collections/bags-greaseproof-foil
reusable plastic glasses,250,0,1,cupsdirect.co.uk,12,https://cupsdirect.co.uk/collections/reusable-plastic-glasses
paper bowl,250,0,1,cupsdirect.co.uk,2,https://cupsdirect.co.uk/collections/paper-foodservice-bowls
food packaging uk,250,42,2,enviropack.org.uk,1,https://www.enviropack.org.uk/
branded paper cups,250,4,1,cupsdirect.co.uk,2,https://cupsdirect.co.uk/collections/custom-printed-paper-cups
boba straws,250,0,1,cupsdirect.co.uk,8,https://cupsdirect.co.uk/products/12mm-paper-boba-straws-white
milkshake cups with lids,250,0,2,greenpak.supplies,3,https://greenpak.supplies/category/cups-accessories/smoothie-cups-lids/
bakery packaging,250,0,1,cupsdirect.co.uk,12,https://cupsdirect.co.uk/collections/cake-boxes-deserts
food prep gloves,250,0,1,enviropack.org.uk,10,https://www.enviropack.org.uk/consumables
catering containers,250,2,1,enviropack.org.uk,6,https://www.enviropack.org.uk/catering-packaging
packaging manufacturer,250,71,1,enviropack.org.uk,11,https://www.enviropack.org.uk/
food packaging manufacturer,250,7,1,enviropack.org.uk,4,https://www.enviropack.org.uk/
microwavable containers,250,2,1,enviropack.org.uk,12,https://www.enviropack.org.uk/hot-food-containers/microwavable-containers
wholesale cutlery,250,0,1,enviropack.org.uk,3,https://www.enviropack.org.uk/catering-packaging/catering-cutlery
sustainable packaging company,250,35,1,enviropack.org.uk,5,https://www.enviropack.org.uk/
ice cream box,250,0,1,enviropack.org.uk,14,https://www.enviropack.org.uk/dessert-cookies/ice-cream-containers
packaging companies uk,250,62,1,enviropack.org.uk,8,https://www.enviropack.org.uk/
eco-friendly packaging,250,9,1,enviropack.org.uk,10,https://www.enviropack.org.uk/
biopak uk,250,8,1,enviropack.org.uk,8,https://www.enviropack.org.uk/
disposable forks,250,0,1,eventsupplies.co.uk,11,https://eventsupplies.co.uk/collections/cutlery
plastic party cups,250,0,1,eventsupplies.co.uk,3,https://eventsupplies.co.uk/collections/disposable-plastic-cups
white paper plates,250,0,1,eventsupplies.co.uk,5,https://eventsupplies.co.uk/products/7-dia-white-paper-plates
paper table cloths,250,0,1,eventsupplies.co.uk,9,https://eventsupplies.co.uk/collections/paper-tablecovers
bendy straws,250,0,1,eventsupplies.co.uk,7,https://eventsupplies.co.uk/products/black-jumbo-plastic-drinking-straws
champagne flutes plastic,250,0,1,eventsupplies.co.uk,12,https://eventsupplies.co.uk/collections/plastic-champagne-flutes
plastic fork,250,0,1,eventsupplies.co.uk,5,https://eventsupplies.co.uk/products/strong-clear-disposable-plastic-forks
chinese takeaway box,250,0,1,eventsupplies.co.uk,7,https://eventsupplies.co.uk/collections/noodle-boxes
jager bomb glasses,250,0,1,eventsupplies.co.uk,3,https://eventsupplies.co.uk/products/jagerbomb-shot-glasses-bomb-shots
disposable spoons,250,0,1,eventsupplies.co.uk,4,https://eventsupplies.co.uk/products/strong-clear-disposable-plastic-spoons
polythene gloves,250,0,1,greenpak.supplies,6,https://greenpak.supplies/product/medium-clear-polythene-gloves/
baguette tray,250,0,1,greenpak.supplies,11,https://greenpak.supplies/product/compostable-black-baguette-tray/
coffee takeaway cup,200,0,2,takeawaypackaging.co.uk,3,https://takeawaypackaging.co.uk/online-shop/cups/biodegradable-compostable-eco-cup-lids/
custom burger boxes,200,0,1,takeawaypackaging.co.uk,10,https://takeawaypackaging.co.uk/product/kraft-burger-box/
food containers takeaway,200,2,2,takeawaypackaging.co.uk,2,https://takeawaypackaging.co.uk/product-category/hot-food-containers/
take away box,200,2,2,cupsdirect.co.uk,5,https://cupsdirect.co.uk/collections/food-packaging
paper takeaway bags,200,0,2,takeawaypackaging.co.uk,2,https://takeawaypackaging.co.uk/online-shop/paper-bags-food-carriers/grab-bags/
takeaway packaging supplies,200,65,2,takeawaypackaging.co.uk,3,https://takeawaypackaging.co.uk/
sample packaging,200,0,2,takeawaypackaging.co.uk,2,https://takeawaypackaging.co.uk/free-packaging-samples/
custom takeaway coffee cups,200,0,2,takeawaypackaging.co.uk,3,https://takeawaypackaging.co.uk/branded-packaging/branded-takeaway-coffee-cups/
ice cream tubs with lids wholesale,200,0,1,takeawaypackaging.co.uk,13,https://takeawaypackaging.co.uk/online-shop/ice-cream-tubs-lids/
branded food packaging,200,40,2,greenpak.supplies,4,https://greenpak.supplies/
takeaway packaging uk,200,42,4,takeawaypackaging.co.uk,1,https://takeawaypackaging.co.uk/
takeaway packaging suppliers,200,50,3,takeawaypackaging.co.uk,1,https://takeawaypackaging.co.uk/
clear plastic cups with lids,200,0,1,takeawaypackaging.co.uk,3,https://takeawaypackaging.co.uk/online-shop/cups/biodegradable-compostable-eco-clear-cups-lids/
salad boxes,200,0,2,takeawaypackaging.co.uk,11,https://takeawaypackaging.co.uk/online-shop/cold-food-containers/salad-boxes/
deli pots,200,0,2,takeawaypackaging.co.uk,3,https://takeawaypackaging.co.uk/online-shop/cold-food-containers/biodegradable-deli-bowls-portion-pots-lids/
plastic coffee cups with lids,200,0,1,takeawaypackaging.co.uk,11,https://takeawaypackaging.co.uk/online-shop/cups/biodegradable-compostable-eco-cup-lids/
9oz,200,0,2,greenpak.supplies,4,https://greenpak.supplies/product/9oz-clear-pet-smoothie-cup/
kraft food boxes,200,0,1,takeawaypackaging.co.uk,1,https://takeawaypackaging.co.uk/online-shop/hot-food-containers/kraftware/
cardboard burger boxes,200,0,2,enviropack.org.uk,4,https://www.enviropack.org.uk/hot-food-containers/burger-boxes
personalised coffee cups,200,1,1,takeawaypackaging.co.uk,9,https://takeawaypackaging.co.uk/branded-packaging/branded-takeaway-coffee-cups/
custom food packaging,200,2,1,takeawaypackaging.co.uk,5,https://takeawaypackaging.co.uk/branded-packaging/
plant based packaging,200,7,1,takeawaypackaging.co.uk,1,https://takeawaypackaging.co.uk/a-guide-to-plant-based-packaging/
personalised greaseproof paper,200,1,1,takeawaypackaging.co.uk,9,https://takeawaypackaging.co.uk/branded-packaging/custom-printed-greaseproof-paper/
plastic wine glasses reusable,200,0,1,cupsdirect.co.uk,12,https://cupsdirect.co.uk/collections/reusable-plastic-glasses
12oz cups,200,0,2,eventsupplies.co.uk,5,https://eventsupplies.co.uk/products/12oz-white-paper-cups
disposable cup,200,1,1,cupsdirect.co.uk,10,https://cupsdirect.co.uk/
drink cups,200,0,1,cupsdirect.co.uk,9,https://cupsdirect.co.uk/
food packaging companies,200,47,3,enviropack.org.uk,3,https://www.enviropack.org.uk/
disposable tea cups,200,0,1,cupsdirect.co.uk,12,https://cupsdirect.co.uk/
white paper cups,200,0,3,cupsdirect.co.uk,3,https://cupsdirect.co.uk/products/plain-white-paper-cups
small foil trays,200,0,1,cupsdirect.co.uk,5,https://cupsdirect.co.uk/products/aluminium-foil-catering-tray-range
smoothie straws,200,0,1,cupsdirect.co.uk,12,https://cupsdirect.co.uk/collections/smoothie-drinking-straws
food packaging wholesale,200,1,1,cupsdirect.co.uk,10,https://cupsdirect.co.uk/collections/food-packaging
red solo cups,200,0,2,eventsupplies.co.uk,2,https://eventsupplies.co.uk/products/16oz-disposable-red-american-party-cups
cake boxes wholesale,200,0,1,cupsdirect.co.uk,13,https://cupsdirect.co.uk/collections/cake-boxes-deserts
soup containers with lids,200,0,2,cupsdirect.co.uk,9,https://cupsdirect.co.uk/products/cupsdirect-kraft-heavy-duty-soup-pot-range-96-series
aluminium trays,200,0,1,cupsdirect.co.uk,3,https://cupsdirect.co.uk/products/aluminium-foil-catering-tray-range
slush straws,200,0,1,cupsdirect.co.uk,10,https://cupsdirect.co.uk/products/black-spoon-straws
jagerbomb glasses,200,0,2,eventsupplies.co.uk,2,https://eventsupplies.co.uk/products/jagerbomb-shot-glasses-bomb-shots
disposable paper cups,200,4,2,cupsdirect.co.uk,8,https://cupsdirect.co.uk/
soup containers,200,0,1,cupsdirect.co.uk,10,https://cupsdirect.co.uk/products/cupsdirect-kraft-heavy-duty-soup-pot-range-96-series
printed coffee cups,200,24,1,cupsdirect.co.uk,5,https://cupsdirect.co.uk/collections/custom-printed-paper-cups
printed cups,200,50,1,cupsdirect.co.uk,1,https://cupsdirect.co.uk/collections/custom-printed-paper-cups
black coffee cup,200,0,1,cupsdirect.co.uk,5,https://cupsdirect.co.uk/products/black-ripple-weave-coffee-cup
food packaging companies uk,200,53,3,enviropack.org.uk,1,https://www.enviropack.org.uk/
food to go packaging,200,49,2,cupsdirect.co.uk,3,https://cupsdirect.co.uk/collections/food-packaging
kraft box,200,0,1,cupsdirect.co.uk,7,https://cupsdirect.co.uk/products/kraft-deli-food-box-range
12 inch pizza boxes,200,0,2,enviropack.org.uk,2,https://www.enviropack.org.uk/takeaway-pizza-boxes-12-kraft
hot drink cups,200,0,3,eventsupplies.co.uk,2,https://eventsupplies.co.uk/collections/insulated-paper-cups
water cups,200,0,2,eventsupplies.co.uk,8,https://eventsupplies.co.uk/collections/vending-water-cooler-cups
microwave containers,200,2,1,enviropack.org.uk,12,https://www.enviropack.org.uk/hot-food-containers/microwavable-containers
6oz cups,200,0,2,eventsupplies.co.uk,5,https://eventsupplies.co.uk/products/6oz-white-paper-cups-flat-white
wooden cutlery set,200,0,1,enviropack.org.uk,14,https://www.enviropack.org.uk/tableware/tableware-cutlery
kraft bowl,200,0,2,greenpak.supplies,4,https://greenpak.supplies/product/500ml-kraft-bowl/
cold cup,200,0,1,enviropack.org.uk,3,https://www.enviropack.org.uk/cups-and-accessories/cold-cups
sabert,200,1,1,enviropack.org.uk,8,https://www.enviropack.org.uk/hot-food-containers/bepulp-by-sabert
eco friendly packaging materials,200,9,1,enviropack.org.uk,10,https://www.enviropack.org.uk/
good restaurant names,200,2,1,enviropack.org.uk,10,https://www.enviropack.org.uk/blog/260-unique-restaurant-names-for-every-cuisine.html
disposable trays,200,0,1,enviropack.org.uk,7,https://www.enviropack.org.uk/catering-packaging/food-trays
food pack,200,24,1,enviropack.org.uk,9,https://www.enviropack.org.uk/
eco food packaging,200,27,1,enviropack.org.uk,1,https://www.enviropack.org.uk/
cardboard ice cream tubs,200,0,1,enviropack.org.uk,8,https://www.enviropack.org.uk/dessert-cookies/ice-cream-containers
burger boxes wholesale,200,0,2,enviropack.org.uk,2,https://www.enviropack.org.uk/hot-food-containers/burger-boxes
catering cutlery,200,1,1,enviropack.org.uk,11,https://www.enviropack.org.uk/catering-packaging/catering-cutlery
microwavable,200,0,1,enviropack.org.uk,7,https://www.enviropack.org.uk/hot-food-containers/microwavable-containers
sustainable packaging companies,200,21,1,enviropack.org.uk,6,https://www.enviropack.org.uk/
salad container,200,0,1,enviropack.org.uk,7,https://www.enviropack.org.uk/large-salad-container-with-window-kraft
dessert boxes,200,0,1,enviropack.org.uk,4,https://www.enviropack.org.uk/dessert-cookies
catering packaging,200,21,1,enviropack.org.uk,1,https://www.enviropack.org.uk/catering-packaging
plastic lids,200,0,1,eventsupplies.co.uk,6,https://eventsupplies.co.uk/products/lids-for-dispolite-plastic-containers
disposable pint glasses,200,0,1,eventsupplies.co.uk,2,https://eventsupplies.co.uk/collections/pint-and-half-pint-tumblers
insulated cups for hot drinks,200,4,1,eventsupplies.co.uk,7,https://eventsupplies.co.uk/collections/insulated-paper-cups
12oz coffee cup,200,0,1,eventsupplies.co.uk,11,https://eventsupplies.co.uk/products/12oz-white-paper-cups
paper table covers,200,0,1,eventsupplies.co.uk,4,https://eventsupplies.co.uk/collections/paper-tablecovers
coca cola cup,200,0,1,eventsupplies.co.uk,6,https://eventsupplies.co.uk/collections/coke-paper-cups
8 oz cup,200,0,1,eventsupplies.co.uk,7,https://eventsupplies.co.uk/products/8oz-white-paper-cups
plastic wine glasses for party,200,0,1,eventsupplies.co.uk,12,https://eventsupplies.co.uk/collections/plastic-wineglasses
orange napkins,200,0,1,eventsupplies.co.uk,12,https://eventsupplies.co.uk/products/orange-paper-napkins-33cm-2ply
plastic coupe glasses,200,0,1,eventsupplies.co.uk,12,https://eventsupplies.co.uk/products/150ml-champagne-saucer-coupe
plastic wine glasses uk,200,0,1,eventsupplies.co.uk,3,https://eventsupplies.co.uk/collections/plastic-wineglasses
plastic reusable cups,200,1,1,eventsupplies.co.uk,8,https://eventsupplies.co.uk/collections/reusable-plastic-tumblers
coffee cups disposable,200,0,1,eventsupplies.co.uk,12,https://eventsupplies.co.uk/collections/paper-coffee-cups
soup cups,200,0,1,eventsupplies.co.uk,5,https://eventsupplies.co.uk/collections/paper-soup-containers
plastic party glasses,200,0,1,eventsupplies.co.uk,13,https://eventsupplies.co.uk/collections/plastic-glasses
tortilla wrap boxes,200,0,1,greenpak.supplies,2,https://greenpak.supplies/category/cold-food-packaging/sandwich-and-wrap-boxes/
tortilla wrap packaging,200,0,1,greenpak.supplies,13,https://greenpak.supplies/category/cold-food-packaging/sandwich-and-wrap-boxes/
wrap packaging,200,0,1,greenpak.supplies,4,https://greenpak.supplies/category/cold-food-packaging/sandwich-and-wrap-boxes/
packaging supplier,200,74,1,greenpak.supplies,12,https://greenpak.supplies/
black paper bags,150,0,1,takeawaypackaging.co.uk,9,https://takeawaypackaging.co.uk/product/320x160x390mm-black-paper-grab-bag-block-bottom-bag-qty-300/
coffee lids,150,0,2,takeawaypackaging.co.uk,6,https://takeawaypackaging.co.uk/online-shop/cups/biodegradable-compostable-eco-cup-lids/
take away containers with lids,150,0,1,takeawaypackaging.co.uk,10,https://takeawaypackaging.co.uk/product/900ml-fastpac-2-compartment-lid-microwavable-container-qty-300/
paper coffee cups with lids,150,0,2,enviropack.org.uk,4,https://www.enviropack.org.uk/cups-and-accessories/lids-hot-cups
biodegradable packaging for food,150,22,3,enviropack.org.uk,2,https://www.enviropack.org.uk/
take away food containers,150,2,1,takeawaypackaging.co.uk,7,https://takeawaypackaging.co.uk/
paper boxes for food,150,0,1,takeawaypackaging.co.uk,7,https://takeawaypackaging.co.uk/online-shop/paper-bags-food-carriers/food-carriers/
recyclable cups for hot drinks,150,0,1,takeawaypackaging.co.uk,7,https://takeawaypackaging.co.uk/online-shop/cups/recyclable-coffee-cups-lids/
plastic packaging for food,150,24,1,takeawaypackaging.co.uk,5,https://takeawaypackaging.co.uk/what-plastic-is-used-for-food-packaging/
recyclable food containers,150,0,2,takeawaypackaging.co.uk,1,https://takeawaypackaging.co.uk/online-shop/hot-food-containers/biodegradable-eco-bowl-and-lids/
sustainable food packaging uk,150,34,1,takeawaypackaging.co.uk,3,https://takeawaypackaging.co.uk/online-shop/
takeaway burger boxes,150,0,1,takeawaypackaging.co.uk,2,https://takeawaypackaging.co.uk/product/kraft-burger-box/
eco-friendly food packaging,150,8,1,takeawaypackaging.co.uk,8,https://takeawaypackaging.co.uk/online-shop/
salt and pepper sachets,150,0,1,takeawaypackaging.co.uk,9,https://takeawaypackaging.co.uk/online-shop/cup-accessories/condiments/
oven bags,150,0,1,enviropack.org.uk,5,https://www.enviropack.org.uk/bags-pouches/oven-able-bags
packaging for food,150,25,1,enviropack.org.uk,4,https://www.enviropack.org.uk/
unique restaurant names ideas,150,0,1,enviropack.org.uk,5,https://www.enviropack.org.uk/blog/260-unique-restaurant-names-for-every-cuisine.html
sushi tray,150,0,1,enviropack.org.uk,2,https://www.enviropack.org.uk/cold-food-containers/sushi-boxes
coffee paper cups,150,1,1,eventsupplies.co.uk,13,https://eventsupplies.co.uk/collections/paper-coffee-cups
white plastic wine glasses,150,0,1,eventsupplies.co.uk,2,https://eventsupplies.co.uk/collections/plastic-wineglasses
12oz plastic cups,150,0,1,eventsupplies.co.uk,11,https://eventsupplies.co.uk/collections/disposable-plastic-cups
plastic drinking straws,150,0,1,eventsupplies.co.uk,2,https://eventsupplies.co.uk/collections/drinking-straws
plastic beer cups,150,0,1,eventsupplies.co.uk,2,https://eventsupplies.co.uk/collections/pint-and-half-pint-tumblers
large plastic cups,150,0,1,eventsupplies.co.uk,4,https://eventsupplies.co.uk/collections/disposable-plastic-cups
dip pots,150,0,1,eventsupplies.co.uk,14,https://eventsupplies.co.uk/products/4oz-plastic-sauce-pots-with-lids
prep bowls,150,0,1,eventsupplies.co.uk,12,https://eventsupplies.co.uk/products/elite-3-prep-bowls
paper carrier bags wholesale,150,2,1,eventsupplies.co.uk,11,https://eventsupplies.co.uk/collections/paper-bags
compostable food containers,150,0,1,eventsupplies.co.uk,11,https://eventsupplies.co.uk/collections/biodegradable-food-boxes
plastic pots with lids,150,0,1,eventsupplies.co.uk,12,https://eventsupplies.co.uk/products/4oz-plastic-sauce-pots-with-lids
clear plastic straws,150,0,1,eventsupplies.co.uk,9,https://eventsupplies.co.uk/products/clear-plastic-drinking-straws
black paper napkins,150,0,1,eventsupplies.co.uk,3,https://eventsupplies.co.uk/products/black-paper-napkins-33cm-2ply
fried chicken bucket,150,0,1,greenpak.supplies,2,https://greenpak.supplies/product/150oz-chicken-bucket/
fish and chip boxes,150,0,1,greenpak.supplies,3,https://greenpak.supplies/product/medium-corrugated-newsprint-fish-and-chip-box/
burger trays,150,0,1,greenpak.supplies,3,https://greenpak.supplies/product/compostable-black-burger-tray/
fish and chips box,150,0,1,greenpak.supplies,8,https://greenpak.supplies/product/medium-corrugated-newsprint-fish-and-chip-box/
sandwich packaging box,150,0,1,greenpak.supplies,8,https://greenpak.supplies/category/cold-food-packaging/sandwich-and-wrap-boxes/
kraft bowls,150,0,1,greenpak.supplies,3,https://greenpak.supplies/product/500ml-kraft-bowl/
takeaway food packaging,150,51,1,greenpak.supplies,7,https://greenpak.supplies/
kraft burger box,150,0,1,greenpak.supplies,3,https://greenpak.supplies/product/premium-kraft-burger-box/
12oz ripple cups,150,0,1,greenpak.supplies,2,https://greenpak.supplies/product/12oz-kraft-ripple-cup/
hot dog trays,150,0,1,greenpak.supplies,2,https://greenpak.supplies/category/hot-food-packaging/hotdog-trays/
chip tray,150,0,1,greenpak.supplies,10,https://greenpak.supplies/product/compostable-kraft-chip-tray/
sos bags,150,0,1,greenpak.supplies,7,https://greenpak.supplies/product/extra-large-kraft-sos-paper-carrier-bag/
take away packaging,150,44,1,greenpak.supplies,3,https://greenpak.supplies/
green food packaging,150,16,1,greenpak.supplies,5,https://greenpak.supplies/
kraft salad bowls,150,0,1,greenpak.supplies,5,https://greenpak.supplies/product/500ml-kraft-bowl/
food packaging suppliers,150,47,1,greenpak.supplies,6,https://greenpak.supplies/
single wall cups,150,0,1,greenpak.supplies,6,https://greenpak.supplies/product/4oz-single-wall-white-paper-cup/
green pack,150,34,1,greenpak.supplies,1,https://greenpak.supplies/
takeaway supplies,150,0,1,greenpak.supplies,6,https://greenpak.supplies/
kids meal boxes,150,0,1,greenpak.supplies,2,https://greenpak.supplies/product/jungle-childrens-meal-boxes/
fish and chips boxes,150,0,1,greenpak.supplies,4,https://greenpak.supplies/product/medium-corrugated-newsprint-fish-and-chip-box/
takeaway boxes wholesale,150,43,1,greenpak.supplies,5,https://greenpak.supplies/
airlaid napkins,150,0,1,greenpak.supplies,9,https://greenpak.supplies/product/40cm-white-airlaid-8-fold-dinner-napkin/
disposable hot drink cups,150,0,1,greenpak.supplies,12,https://greenpak.supplies/category/cups-accessories/hot-drink-paper-cups/
10oz cup,150,0,1,greenpak.supplies,10,https://greenpak.supplies/product/10oz-green-effect-double-wall-hot-drink-cup/
packaging for food products,150,46,1,greenpak.supplies,4,https://greenpak.supplies/
food delivery packaging,150,0,1,greenpak.supplies,6,https://greenpak.supplies/
hot food packaging,150,0,1,greenpak.supplies,2,https://greenpak.supplies/category/hot-food-packaging/
blue wipes,100,0,1,greenpak.supplies,10,https://greenpak.supplies/product/general-purpose-wipes-on-a-roll-blue/
kraft ripple cups,100,0,1,greenpak.supplies,1,https://greenpak.supplies/product/8oz-kraft-ripple-cup/
premium burger box,100,0,1,greenpak.supplies,7,https://greenpak.supplies/product/premium-kraft-burger-box/
clamshell boxes,100,0,1,greenpak.supplies,15,https://greenpak.supplies/category/hot-food-packaging/clamshell-boxes/
food packaging supplies near me,100,53,1,greenpak.supplies,5,https://greenpak.supplies/
take away food boxes,100,1,1,greenpak.supplies,11,https://greenpak.supplies/
7 inch pizza box,100,0,1,greenpak.supplies,6,https://greenpak.supplies/product/7-kraft-pizza-box/
175ml glass,100,0,1,greenpak.supplies,11,https://greenpak.supplies/Shop
wrap box,100,1,1,greenpak.supplies,3,https://greenpak.supplies/category/cold-food-packaging/sandwich-and-wrap-boxes/
slim jim glass,100,0,1,greenpak.supplies,4,https://greenpak.supplies/product/12-5oz-355ml-plastic-hi-ball-glass/
takeaway food box,100,2,1,greenpak.supplies,11,https://greenpak.supplies/
take away food packaging,100,0,1,greenpak.supplies,3,https://greenpak.supplies/
red mop,100,0,1,greenpak.supplies,5,https://greenpak.supplies/product/screw-in-socket-mop-head-red/
baguette box,100,0,1,greenpak.supplies,2,https://greenpak.supplies/product/kraft-baguette-box/
kentucky mop handle,100,0,1,greenpak.supplies,10,https://greenpak.supplies/product/kentucky-mop-handle-with-clips/
takeaway packaging wholesale,100,58,1,greenpak.supplies,6,https://greenpak.supplies/
chicken and chips box,100,0,1,greenpak.supplies,5,https://greenpak.supplies/category/hot-food-packaging/chicken-boxes/
food packaging near me,100,41,1,greenpak.supplies,2,https://greenpak.supplies/
kraft tray,100,0,1,greenpak.supplies,8,https://greenpak.supplies/product/compostable-kraft-chip-tray/
chip boxes,100,0,1,greenpak.supplies,9,https://greenpak.supplies/product/medium-corrugated-newsprint-fish-and-chip-box/
packaging for wraps,100,0,1,greenpak.supplies,1,https://greenpak.supplies/category/cold-food-packaging/sandwich-and-wrap-boxes/
tortilla wrap box,100,0,1,greenpak.supplies,3,https://greenpak.supplies/category/cold-food-packaging/sandwich-and-wrap-boxes/
plastic soup containers,100,0,1,greenpak.supplies,9,https://greenpak.supplies/category/hot-food-packaging/soup-containers-lids/
custom takeaway packaging,100,41,1,greenpak.supplies,8,https://greenpak.supplies/
bagasse burger box,100,0,1,greenpak.supplies,2,https://greenpak.supplies/product/bagasse-burger-box-6-x-6/
plastic half pint glasses,100,0,1,greenpak.supplies,11,https://greenpak.supplies/category/cups-accessories/pint-half-pint-glasses/
chip trays,100,0,1,greenpak.supplies,4,https://greenpak.supplies/product/compostable-kraft-chip-tray/
food boats,100,0,1,greenpak.supplies,8,https://greenpak.supplies/product/medium-wooden-food-boat-170mm/
16oz plastic cups,90,0,1,greenpak.supplies,7,https://greenpak.supplies/product/16oz-clear-pet-smoothie-cup/
kraft platter box,90,0,1,greenpak.supplies,8,https://greenpak.supplies/product/large-kraft-platter-box-insert/
4oz cup,90,0,1,greenpak.supplies,9,https://greenpak.supplies/product/4oz-single-wall-white-paper-cup/
food takeaway boxes,90,1,1,greenpak.supplies,4,https://greenpak.supplies/
chicken boxes,90,0,1,greenpak.supplies,5,https://greenpak.supplies/category/hot-food-packaging/chicken-boxes/
black cocktail napkins,90,0,1,greenpak.supplies,8,https://greenpak.supplies/product/24cm-2-ply-black-cocktail-napkin/
