domain,domain_rating,dofollow_links,first_seen
squarespace.com,95.0,1,2022-01-07T22:29:20Z
blogspot.com,95.0,4,2022-06-25T09:03:46Z
bing.com,93.0,4,2026-04-07T19:22:15Z
provenexpert.com,91.0,2,2026-04-10T14:53:45Z
yell.com,91.0,0,2019-07-05T17:57:33Z
herokuapp.com,91.0,3,2020-08-05T14:57:31Z
crunchbase.com,91.0,0,2023-11-13T11:48:56Z
opencart.com,91.0,21,2016-11-28T22:19:47Z
utexas.edu,91.0,1,2025-07-10T17:32:12Z
za.com,90.0,0,2024-07-05T18:53:31Z
aftership.com,89.0,0,2023-06-29T10:36:50Z
gorgias.help,86.0,66,2025-01-20T21:03:24Z
hunter.io,82.0,0,2017-12-28T20:54:46Z
ask.com,82.0,9,2016-04-05T00:59:35Z
uksmallbusinessdirectory.co.uk,81.0,0,2026-01-12T06:49:06Z
itxoft.com,80.0,0,2024-07-24T06:20:54Z
freehostia.com,78.0,2,2019-07-06T13:08:04Z
dream.website,77.0,12,2025-10-05T13:31:16Z
kompass.com,77.0,0,2021-10-30T00:34:10Z
charter.com,76.0,0,2019-09-24T20:18:26Z
starterstory.com,76.0,0,2022-04-11T07:06:23Z
accio.com,76.0,0,2026-07-21T10:04:16Z
example3.com,75.0,0,2026-07-06T12:12:35Z
192.com,75.0,0,2019-12-04T13:43:09Z
rankyour.website,74.0,0,2025-12-24T19:23:04Z
factmags.com,74.0,0,2026-05-13T08:03:09Z
thomsonlocal.com,73.0,2,2018-01-19T00:13:56Z
a-zbusinessfinder.com,73.0,2,2026-05-01T05:29:58Z
trustprofile.com,73.0,1,2024-02-17T13:40:22Z
securitytrails.com,72.0,0,2020-09-02T16:41:07Z
rank-your.site,72.0,0,2025-04-16T21:31:49Z
siteprice.org,71.0,0,2021-05-08T12:25:03Z
freelancehunt.com,71.0,0,2020-05-17T11:04:55Z
kiteinfotech.com,71.0,9,2025-04-23T01:48:35Z
buybacklinks.agency,70.0,0,2026-04-11T17:53:45Z
rankva.com,70.0,0,2024-10-13T11:39:22Z
trueen.com,69.0,0,2025-12-31T00:37:06Z
adminforge.de,69.0,1,2022-08-14T22:18:15Z
couponupto.com,68.0,0,2025-02-08T12:19:48Z
mamma.com,67.0,0,2019-07-16T16:12:02Z
ftu.edu.vn,66.0,14,2025-04-17T06:31:21Z
sitelike.org,66.0,0,2021-04-29T23:12:33Z
backlinker.shop,65.0,0,2025-09-24T03:22:05Z
ispionage.com,65.0,0,2018-10-14T20:20:26Z
hotfrog.co.uk,62.0,7,2019-07-12T17:54:37Z
iformative.com,62.0,0,2026-02-19T02:50:20Z
ajman.ac.ae,62.0,2,2025-01-22T10:13:41Z
hotdeals.com,62.0,0,2023-12-20T01:55:24Z
a2zseoarticles.com,62.0,1,2023-03-24T20:31:25Z
webwiki.co.uk,62.0,0,2020-05-05T06:26:07Z
apsoz.com,61.0,1,2025-05-03T12:48:31Z
globalproseo.com,61.0,1,2024-03-29T16:57:22Z
clicktohigh.com,61.0,1,2023-10-17T00:32:30Z
proseoarticles.com,61.0,1,2023-03-24T22:15:00Z
bigreddirectory.com,61.0,0,2017-03-10T19:05:10Z
wayranks.com,60.0,2,2022-06-21T06:06:06Z
healthcanal.net,60.0,1,2025-05-09T19:13:30Z
nexioe.com,60.0,1,2024-10-17T11:52:06Z
rank-top.click,60.0,0,2026-05-08T22:20:40Z
locallife.co.uk,59.0,0,2017-05-03T08:20:47Z
agreatertown.com,59.0,0,2026-06-12T12:57:45Z
kingranks.com,59.0,2,2024-07-24T16:40:58Z
webscountry.com,59.0,1,2024-09-10T10:15:30Z
articlement.com,59.0,1,2025-02-26T00:52:39Z
similarsites.com,59.0,0,2017-08-10T12:37:28Z
metropolitan.hu,58.0,126,2023-11-09T02:29:55Z
businessmagnet.co.uk,57.0,81,2015-04-27T22:07:01Z
toservers.com,57.0,1,2025-07-29T17:08:35Z
startupill.com,56.0,2,2022-11-06T04:39:26Z
ilmosys.com,56.0,4,2025-03-07T06:28:05Z
ditchcarbon.com,55.0,2,2025-01-14T13:31:25Z
todaynews.co.uk,55.0,1,2026-03-27T10:51:50Z
glarity.app,55.0,0,2024-06-17T17:41:04Z
safebuy.org.uk,55.0,0,2019-08-19T10:44:37Z
linkrankpro.shop,54.0,0,2026-05-08T12:26:51Z
rankxlinks.shop,54.0,0,2026-05-10T05:36:34Z
ranklinkerpro.shop,54.0,0,2026-05-09T17:17:08Z
seorankflow.shop,54.0,0,2026-05-08T11:39:12Z
chocolateplatform.com,54.0,1,2024-08-18T21:27:51Z
buyseobacklinks.shop,54.0,0,2026-05-14T22:18:54Z
rankboostly.shop,54.0,0,2026-08-06T07:43:30Z
authoritybacklinks.shop,54.0,0,2026-05-08T13:29:11Z
starcourts.com,54.0,1,2025-02-26T14:47:13Z
swifttechnologies.co.in,54.0,2,2025-03-31T03:57:51Z
raretopsitesdirectory.com,54.0,2,2021-09-21T18:56:38Z
biztobiz.org,54.0,2,2026-02-25T15:59:43Z
apollodigitals.co.uk,53.0,6,2025-08-16T04:00:21Z
small99.co.uk,53.0,12,2021-04-03T16:43:31Z
findtheneedle.co.uk,53.0,1,2024-09-14T10:10:58Z
developmentmi.com,53.0,1,2025-02-25T21:52:54Z
pbnseolinks.shop,53.0,0,2026-05-08T15:00:02Z
applegate.co.uk,53.0,0,2015-12-29T08:51:51Z
ranklinkx.shop,53.0,0,2026-05-08T13:57:01Z
linkrankboost.shop,53.0,0,2026-05-12T09:08:32Z
seolinkpro.shop,53.0,0,2026-05-08T00:24:16Z
linkseopro.shop,53.0,0,2026-05-09T14:55:16Z
ranklinkpro.shop,53.0,0,2026-05-12T06:47:49Z
premiumseolinks.shop,53.0,0,2026-05-11T08:46:05Z
toplinkranker.shop,53.0,0,2026-05-13T08:20:35Z
linkrankseo.shop,53.0,0,2026-05-02T04:37:48Z
