domain,domain_rating,links_to
squarespace.com,95.0,takeawaypackaging.co.uk;cupsdirect.co.uk
bing.com,93.0,takeawaypackaging.co.uk;cupsdirect.co.uk;greenpak.supplies
crunchbase.com,91.0,takeawaypackaging.co.uk;cupsdirect.co.uk
aftership.com,89.0,takeawaypackaging.co.uk;cupsdirect.co.uk
uksmallbusinessdirectory.co.uk,81.0,takeawaypackaging.co.uk;cupsdirect.co.uk
grokipedia.com,78.0,takeawaypackaging.co.uk;greenpak.supplies
kompass.com,77.0,takeawaypackaging.co.uk;cupsdirect.co.uk
dream.website,77.0,takeawaypackaging.co.uk;cupsdirect.co.uk
starterstory.com,76.0,takeawaypackaging.co.uk;cupsdirect.co.uk;greenpak.supplies
example3.com,75.0,takeawaypackaging.co.uk;cupsdirect.co.uk
ct8.pl,72.0,takeawaypackaging.co.uk;greenpak.supplies
kiteinfotech.com,71.0,cupsdirect.co.uk;greenpak.supplies
siteprice.org,71.0,takeawaypackaging.co.uk;cupsdirect.co.uk
sitelike.org,66.0,takeawaypackaging.co.uk;cupsdirect.co.uk;greenpak.supplies
ftu.edu.vn,66.0,takeawaypackaging.co.uk;cupsdirect.co.uk;greenpak.supplies
ispionage.com,65.0,takeawaypackaging.co.uk;cupsdirect.co.uk
ajman.ac.ae,62.0,takeawaypackaging.co.uk;cupsdirect.co.uk
hotdeals.com,62.0,takeawaypackaging.co.uk;cupsdirect.co.uk;greenpak.supplies
hotfrog.co.uk,62.0,takeawaypackaging.co.uk;cupsdirect.co.uk
kingranks.com,59.0,takeawaypackaging.co.uk;cupsdirect.co.uk
metropolitan.hu,58.0,takeawaypackaging.co.uk;cupsdirect.co.uk;greenpak.supplies
ilmosys.com,56.0,cupsdirect.co.uk;greenpak.supplies
toplinkranker.shop,53.0,cupsdirect.co.uk;greenpak.supplies
ranklinkpro.shop,53.0,cupsdirect.co.uk;greenpak.supplies
premiumseolinks.shop,53.0,cupsdirect.co.uk;greenpak.supplies
apollodigitals.co.uk,53.0,cupsdirect.co.uk;greenpak.supplies
